arch,model,dataset,lmbda,test_date,bpp,psnr_iq,msssim_iq,psnr_amp,sqnr_amp,msssim_amp,mae_phase,mse_nrcs,enc_time,dec_time,total_kmac_per_px,enc_kmac_per_px,dec_kmac_per_px,ga_kmac_per_px,ha_kmac_per_px,gs_kmac_per_px,hs_kmac_per_px,total_params,energy_1,energy_2,energy_3,energy_4
sar-pact,g8_alpha0.01,nga,0.0625,20260421,0.3319647501576293,21.969229391795118,0.8003644943237305,19.328778202805307,6.687780380249023,0.7747116088867188,1.239319086074829,0.006962187588214874,2.108579158782959,1.560201644897461,20.3445,9.9745,10.37,9.495,0.4795,8.55,1.82,3836396,0.23569068312644958,0.1877085268497467,0.11604373157024384,0.0407232865691185
sar-pact,g8_alpha0.01,nga,0.125,20260421,0.717542535269546,26.433608694698727,0.9258373975753784,23.834083397537814,10.730242729187012,0.9097798466682434,0.8074946403503418,0.002441834658384323,2.146134853363037,1.6846985816955566,20.3445,9.9745,10.37,9.495,0.4795,8.55,1.82,3836396,1.1068910360336304,0.7100812792778015,0.46843692660331726,0.07649145275354385
sar-pact,g8_alpha0.01,nga,0.25,20260421,1.187514162003468,30.993025858737802,0.9776366353034973,28.40635632728076,15.473099708557129,0.9706747531890869,0.47372308373451233,0.0010053960140794516,2.123102903366089,1.7929203510284424,20.3445,9.9745,10.37,9.495,0.4795,8.55,1.82,3836396,4.229944705963135,2.477633237838745,1.49359130859375,0.35262614488601685
sar-pact,g8_alpha0.01,nga,0.375,20260421,1.5036735005517023,33.51178492147787,0.9893571138381958,30.961638210759162,18.416561126708984,0.9852209687232971,0.3407886326313019,0.0006639832863584161,2.1856515407562256,1.825209140777588,20.3445,9.9745,10.37,9.495,0.4795,8.55,1.82,3836396,9.95207691192627,5.397040367126465,3.4714179039001465,0.607795774936676
sar-pact,g8_alpha0.01,nga,0.5,20260421,1.725927672801072,34.99242481747681,0.993480920791626,32.498809523765836,20.436933517456055,0.9907581210136414,0.2688940465450287,0.0005317399045452476,2.134154796600342,1.8577029705047607,20.3445,9.9745,10.37,9.495,0.4795,8.55,1.82,3836396,18.25240135192871,9.104151725769043,5.823594093322754,1.1699228286743164
sar-pact,g8_alpha0.01,nga,0.6225,20260421,1.8914106833228248,35.91388707861518,0.995352029800415,33.44677399554122,21.83787727355957,0.9932328462600708,0.23016656935214996,0.00048354268074035645,2.131150960922241,1.9034385681152344,20.3445,9.9745,10.37,9.495,0.4795,8.55,1.82,3836396,29.08669662475586,13.643856048583984,8.171605110168457,1.9561975002288818
sar-pact,g8_alpha0.01,nga,0.75,20260421,2.047397762649748,37.16462847296642,0.9966121912002563,34.73321920468478,23.325176239013672,0.9951697587966919,0.19824345409870148,0.0003658939676824957,2.1287147998809814,1.9216690063476562,20.3445,9.9745,10.37,9.495,0.4795,8.55,1.82,3836396,45.89452362060547,19.693788528442383,12.831501960754395,2.6290409564971924
aht,benchmarking_sar_mods,nga,0.0018,20260421,0.7524420219892812,26.30365377346044,0.9322674870491028,23.701888404594445,10.704883575439453,0.9126340746879578,0.7625339031219482,0.002604343928396702,1.6905052661895752,1.4179060459136963,18.9395,10.4795,8.46,10.0,0.4795,6.64,1.82,3501266,1.2678087949752808,0.9299699664115906,0.6724898815155029,0.38146933913230896
aht,benchmarking_sar_mods,nga,0.0035,20260421,1.1363991813130516,29.70202218389553,0.9732003211975098,27.174354019291474,14.39419937133789,0.9630612134933472,0.4915846288204193,0.0013168168952688575,1.6957356929779053,1.489603042602539,18.9395,10.4795,8.46,10.0,0.4795,6.64,1.82,3501266,5.297508716583252,2.7980949878692627,1.5144085884094238,1.2133444547653198
aht,benchmarking_sar_mods,nga,0.0067,20260421,1.462835208464691,32.12662467324196,0.9872528314590454,29.698628458844713,17.43063735961914,0.9815365672111511,0.3532771170139313,0.0008725263178348541,1.691021203994751,1.5367965698242188,18.9395,10.4795,8.46,10.0,0.4795,6.64,1.82,3501266,14.54190444946289,6.621029853820801,3.578784465789795,3.0247275829315186
aht,benchmarking_sar_mods,nga,0.013,20260421,1.7699080824401008,33.578835731598296,0.9932926893234253,31.30152115154065,19.773630142211914,0.9889891147613525,0.3073872923851013,0.0007130136364139616,1.7075669765472412,1.577312707901001,18.9395,10.4795,8.46,10.0,0.4795,6.64,1.82,3501266,47.2806396484375,16.957117080688477,7.960853576660156,6.964015007019043
aht,benchmarking_sar_mods,nga,0.025,20260421,2.0420962474385247,34.489621167115374,0.9959713220596313,32.34960228036127,21.49588966369629,0.9924925565719604,0.25645285844802856,0.0006126377265900373,1.692260980606079,1.664553165435791,18.9395,10.4795,8.46,10.0,0.4795,6.64,1.82,3501266,126.33164978027344,40.639522552490234,16.461450576782227,22.441186904907227
aht,benchmarking_sar_mods,nga,0.0483,20260421,2.293094360813367,35.083204702499195,0.9971617460250854,33.04781190968579,22.94513511657715,0.9943404793739319,0.20198126137256622,0.0005624843179248273,1.7005372047424316,1.733924150466919,18.9395,10.4795,8.46,10.0,0.4795,6.64,1.82,3501266,304.4162902832031,85.56299591064453,36.89035415649414,56.514198303222656
sar-pact,g8_alpha0.01,sandia,0.0625,20260504,0.00010516826923076924,20.46073693810414,0.8740435838699341,14.967937188305605,1.6740025281906128,0.3953379988670349,3.1181180477142334,0.009994585998356342,0.5183358192443848,0.22783303260803223,20.3445,9.9745,10.37,9.495,0.4795,8.55,1.82,3836396,0.0004301849694456905,1.0452278729644604e-05,4.106182416308002e-07,3.5666264608380516e-08
sar-pact,g8_alpha0.01,sandia,0.125,20260504,0.35171649639423075,26.657599280271445,0.9419089555740356,23.818744832305452,7.048324108123779,0.885094165802002,1.1914424896240234,0.0016369392396882176,0.5153374671936035,0.2517971992492676,20.3445,9.9745,10.37,9.495,0.4795,8.55,1.82,3836396,0.47142353653907776,0.17244762182235718,0.05076226964592934,0.010837121866643429
sar-pact,g8_alpha0.01,sandia,0.25,20260504,0.6991173377403846,29.930345678326667,0.9638333320617676,27.120503752844172,9.718096733093262,0.9489554762840271,0.8923464417457581,0.0007279518758878112,0.6145579814910889,0.27111053466796875,20.3445,9.9745,10.37,9.495,0.4795,8.55,1.82,3836396,1.6594398021697998,0.5747129321098328,0.22353391349315643,0.07085920125246048
sar-pact,g8_alpha0.01,sandia,0.5,20260504,1.1682767427884615,32.59490534072831,0.9756572246551514,29.74816859897167,12.712051391601562,0.9780651926994324,0.6259128451347351,0.00045766273979097605,0.5220785140991211,0.288419246673584,20.3445,9.9745,10.37,9.495,0.4795,8.55,1.82,3836396,5.33642053604126,1.7526013851165771,0.5680907964706421,0.23799382150173187
sar-pact,g8_alpha0.01,sandia,1.3125,20260504,1.8109149639423077,34.51077559960844,0.9811990261077881,31.66067414187998,15.70267105102539,0.990835964679718,0.4479568302631378,0.00034924159990623593,0.5218737125396729,0.3046727180480957,20.3445,9.9745,10.37,9.495,0.4795,8.55,1.82,3836396,25.17584800720215,6.807103157043457,2.3395028114318848,5.712932586669922
sar-pact,g8_alpha0.01,sandia,2.25,20260505,2.1168118990384617,34.9800020647391,0.9826911091804504,32.14861757866848,16.58782958984375,0.9930294156074524,0.4048265814781189,0.0003172124270349741,0.7270739078521729,0.4010481834411621,20.3445,9.9745,10.37,9.495,0.4795,8.55,1.82,3836396,51.957420349121094,13.050180435180664,4.991492748260498,11.660115242004395
aht,benchmarking_sar_mods,sandia,0.0018,20260505,6.760817307692308e-05,20.49163691421299,0.8740609288215637,14.495405434665546,0.0757293701171875,0.29653477668762207,2.3023574352264404,0.010012959130108356,0.42651820182800293,0.1859591007232666,18.9395,10.4795,8.46,10.0,0.4795,6.64,1.82,3501266,1.9386485291761346e-05,1.6756523109506816e-05,9.540148312225938e-06,9.726984444569098e-07
aht,benchmarking_sar_mods,sandia,0.0035,20260505,0.6686298076923077,29.211139269082537,0.9594007730484009,26.26554324926846,9.085994720458984,0.9430918097496033,0.8926194310188293,0.000978353200480342,0.4261791706085205,0.23261046409606934,18.9395,10.4795,8.46,10.0,0.4795,6.64,1.82,3501266,1.9252138137817383,0.7455505132675171,0.3026789426803589,0.11836247146129608
aht,benchmarking_sar_mods,sandia,0.0067,20260505,0.9505746694711539,30.62737623791826,0.9672879576683044,27.760944221213563,11.048928260803223,0.9673337340354919,0.7184945940971375,0.0007604697602801025,0.41460704803466797,0.23765158653259277,18.9395,10.4795,8.46,10.0,0.4795,6.64,1.82,3501266,4.661080360412598,1.7202017307281494,0.6819261312484741,0.3239958584308624
aht,benchmarking_sar_mods,sandia,0.013,20260505,1.2385892427884615,31.390907844064245,0.9705390930175781,28.551615823384708,12.495519638061523,0.9785822033882141,0.6065776944160461,0.0007116766064427793,0.4262428283691406,0.24134302139282227,18.9395,10.4795,8.46,10.0,0.4795,6.64,1.82,3501266,10.684207916259766,3.6743361949920654,1.4844067096710205,0.858265221118927
aht,benchmarking_sar_mods,sandia,0.025,20260505,1.4853891225961537,31.833736346501826,0.9722381830215454,29.03837976458999,13.376397132873535,0.9832629561424255,0.5518830418586731,0.0006523947231471539,0.4197366237640381,0.2497541904449463,18.9395,10.4795,8.46,10.0,0.4795,6.64,1.82,3501266,24.222198486328125,7.629960060119629,2.9755938053131104,1.2661871910095215
aht,benchmarking_sar_mods,sandia,0.0483,20260505,1.7535531850961539,31.909249622494226,0.9729204773902893,29.17037454260289,13.933667182922363,0.9857996702194214,0.5103229284286499,0.0006425208994187415,0.4299805164337158,0.25615477561950684,18.9395,10.4795,8.46,10.0,0.4795,6.64,1.82,3501266,57.84038543701172,15.207618713378906,5.497045040130615,6.330877780914307
aht,benchmarking,nga,0.0018,20260521,0.33295362744325346,22.06691807816203,0.7738597989082336,18.623560130572343,5.290050506591797,0.7584243416786194,1.3984347581863403,0.006330759730190039,1.4515914916992188,1.357395887374878,19.0035,10.5115,8.492,10.032,0.4795,6.672,1.82,3501523,1.4784775972366333,0.27713823318481445,0.1756472885608673,0.08017123490571976
aht,benchmarking,nga,0.0035,20260521,0.5188970385403531,24.205196934697895,0.8600596785545349,21.255534605883707,7.839950084686279,0.8441526293754578,1.1176921129226685,0.0036313608288764954,1.4425122737884521,1.3740246295928955,19.0035,10.5115,8.492,10.032,0.4795,6.672,1.82,3501523,1.9728755950927734,0.6094207763671875,0.37481889128685,0.15389691293239594
aht,benchmarking,nga,0.0067,20260521,0.7123814086144389,26.448833104102537,0.9134244918823242,23.681031895017107,10.260151863098145,0.90399169921875,0.8775684833526611,0.002147337654605508,1.4466273784637451,1.4220068454742432,19.0035,10.5115,8.492,10.032,0.4795,6.672,1.82,3501523,1.732065200805664,1.0010031461715698,0.6655654907226562,0.4816267490386963
aht,benchmarking,nga,0.013,20260521,0.9315845927254098,28.586695907022435,0.9503560066223145,25.886334200479844,12.523702621459961,0.9407241344451904,0.6833534836769104,0.0013832574477419257,1.4672224521636963,1.4896941184997559,19.0035,10.5115,8.492,10.032,0.4795,6.672,1.82,3501523,3.3593509197235107,1.835787296295166,1.2161085605621338,1.0038655996322632
aht,benchmarking,nga,0.025,20260521,1.150379541692938,30.475268259453408,0.9702891111373901,27.808031774345853,14.577235221862793,0.9622440934181213,0.542594850063324,0.000980535987764597,1.4410316944122314,1.4965813159942627,19.0035,10.5115,8.492,10.032,0.4795,6.672,1.82,3501523,6.803341388702393,3.467923402786255,2.1490731239318848,1.933243751525879
aht,benchmarking,nga,0.0483,20260521,1.3700451460040983,32.1514468812062,0.9819744229316711,29.52061535182211,16.50904083251953,0.9758623242378235,0.43517011404037476,0.0007422863855026662,1.4562678337097168,1.4977598190307617,19.0035,10.5115,8.492,10.032,0.4795,6.672,1.82,3501523,14.181234359741211,6.377439975738525,3.7680418491363525,3.5772247314453125
aht,benchmarking,sandia,0.0018,20260521,6.760817307692308e-05,20.490383335703832,0.8740467429161072,14.560776792678157,0.28225159645080566,0.3290621340274811,2.611605167388916,0.01001221314072609,0.41394591331481934,0.2005174160003662,19.0035,10.5115,8.492,10.032,0.4795,6.672,1.82,3501523,8.549421181669459e-06,4.670347379942541e-07,1.612788622651351e-07,1.1723998483148534e-07
aht,benchmarking,sandia,0.0035,20260521,0.21426908052884616,25.32410430543336,0.9258798360824585,21.837118612322076,4.119553089141846,0.8161180019378662,1.5159600973129272,0.002060412894934416,0.41809773445129395,0.21796536445617676,19.0035,10.5115,8.492,10.032,0.4795,6.672,1.82,3501523,0.3606495261192322,0.14884687960147858,0.06293405592441559,0.0037196048069745302
aht,benchmarking,sandia,0.0067,20260521,0.3510779747596154,27.12465716042564,0.9429967999458313,23.85944324809696,5.678219318389893,0.874374270439148,1.3631833791732788,0.001192947500385344,0.4075171947479248,0.22718262672424316,19.0035,10.5115,8.492,10.032,0.4795,6.672,1.82,3501523,0.74468594789505,0.31058892607688904,0.11894223093986511,0.04772571474313736
aht,benchmarking,sandia,0.013,20260522,0.5094200721153846,28.592876712146165,0.9540871381759644,25.531564998546816,7.373714447021484,0.9155277609825134,1.147611141204834,0.0008860484231263399,0.49155259132385254,0.231034517288208,19.0035,10.5115,8.492,10.032,0.4795,6.672,1.82,3501523,1.4548146724700928,0.604455828666687,0.24141953885555267,0.12089461088180542
aht,benchmarking,sandia,0.025,20260522,0.6896747295673077,29.838781063667184,0.9617906212806702,26.905547220380683,8.984326362609863,0.94356369972229,0.9670315980911255,0.0007154162158258259,0.4154965877532959,0.23253989219665527,19.0035,10.5115,8.492,10.032,0.4795,6.672,1.82,3501523,2.80682373046875,1.1303170919418335,0.49553388357162476,0.21618390083312988
aht,benchmarking,sandia,0.0483,20260522,0.8933143028846153,30.84305647221406,0.9669367074966431,27.975121821707422,10.465834617614746,0.9627137184143066,0.8176047801971436,0.000621150538790971,0.42053842544555664,0.23889899253845215,19.0035,10.5115,8.492,10.032,0.4795,6.672,1.82,3501523,5.391202449798584,2.06315541267395,1.077604055404663,0.5160930752754211
sar-pact,g8_alpha1.0_gamma1.0_latentdct1x320,nga,20260921,0.0017,0.7794686662594578,26.032258668672647,0.9328252077102661,23.322531878599968,10.626349449157715,0.9115830659866333,0.8007307648658752,0.0036905573215335608,3.1383144855499268,4.269635438919067,20.8085,10.1505,10.658,9.655,0.4955,8.71,1.948,4065964,1.1467390060424805,0.7856826782226562,0.5480887293815613,0.06838703900575638
sar-pact,g8_alpha0.01_gamma1.0_latentdct1x320,nga,20260922,0.125,0.6926789830942623,25.593776844840534,0.921830415725708,23.01083074849798,10.20019245147705,0.901767909526825,0.8438852429389954,0.003563573583960533,3.0673751831054688,4.128086090087891,20.8085,10.1505,10.658,9.655,0.4955,8.71,1.948,4065964,0.897761344909668,0.5988407135009766,0.4299919307231903,0.04815314710140228
sar-pact,g8_alpha1.0_gamma1.0_latentdct1x320,nga,20260922,0.0033,1.1898958415431904,29.51956374688092,0.9742853045463562,26.793907405119583,14.521484375,0.9632394313812256,0.5245635509490967,0.0020267146173864603,3.136028528213501,4.37013053894043,20.8085,10.1505,10.658,9.655,0.4955,8.71,1.948,4065964,3.7902839183807373,2.5024452209472656,1.6126106977462769,0.2287577986717224
sar-pact,g8_alpha0.01_gamma1.0_latentdct1x320,nga,20260922,0.25,1.181710819278058,29.829265062336425,0.9756307601928711,27.227844682490684,14.848956108093262,0.9663287401199341,0.5016171336174011,0.0017360232304781675,3.1140501499176025,4.270870208740234,20.8085,10.1505,10.658,9.655,0.4955,8.71,1.948,4065964,3.8376269340515137,2.360097646713257,1.5187302827835083,0.21931041777133942
sar-pact,g8_alpha1.0_gamma1.0_latentdct1x320,nga,20260922,0.005,1.4336442406210592,30.828225054772936,0.9848466515541077,27.980507079863578,16.467580795288086,0.9758362174034119,0.4160911440849304,0.001863706624135375,3.238799571990967,4.5834126472473145,20.8085,10.1505,10.658,9.655,0.4955,8.71,1.948,4065964,7.034445762634277,4.7389678955078125,2.95383358001709,0.5085707902908325
sar-pact,g8_alpha0.01_gamma1.0_latentdct1x320,nga,20260922,0.375,1.4718330065810215,31.33276764261199,0.9870163798332214,28.621547044102613,17.235462188720703,0.9799471497535706,0.38257288932800293,0.0015997164882719517,3.107046604156494,4.438448667526245,20.8085,10.1505,10.658,9.655,0.4955,8.71,1.948,4065964,7.764636516571045,4.769809246063232,2.9435620307922363,0.6689788699150085
sar-pact,g8_alpha1.0_gamma1.0_latentdct1x320,nga,20260922,0.01,1.813166845641551,32.438325105873616,0.9925720691680908,29.539198682993334,19.36825180053711,0.9860931634902954,0.3029535710811615,0.0015840642154216766,3.270395517349243,4.547299385070801,20.8085,10.1505,10.658,9.655,0.4955,8.71,1.948,4065964,25.54937744140625,15.45179271697998,9.284919738769531,1.4893513917922974
sar-pact,g8_alpha0.01_gamma1.0_latentdct1x320,nga,20260922,0.75,1.9202038835907944,33.357828397157746,0.9943311214447021,30.612056812163814,20.643165588378906,0.9894945025444031,0.2615356743335724,0.0012605964438989758,3.186927318572998,4.463491678237915,20.8085,10.1505,10.658,9.655,0.4955,8.71,1.948,4065964,35.857215881347656,19.923194885253906,11.285743713378906,1.5843427181243896
sar-pact,g8_alpha1.0_gamma1.0_latentdct8x40,nga,20260922,0.0017,0.7771319356872636,25.986896548095572,0.9321445226669312,23.225115643412583,10.606846809387207,0.9113646149635315,0.8005542159080505,0.0038791196420788765,3.0673623085021973,4.223792552947998,20.8085,10.1505,10.658,9.655,0.4955,8.71,1.948,4065964,1.151993751525879,0.7780243158340454,0.5367679595947266,0.07418173551559448
sar-pact,g8_alpha0.01_gamma1.0_latentdct8x40,nga,20260922,0.125,0.6883133915904792,25.3758568972847,0.9197708368301392,22.74684188754098,10.07116413116455,0.8988584876060486,0.8532811999320984,0.004030557349324226,3.093003511428833,4.349915504455566,20.8085,10.1505,10.658,9.655,0.4955,8.71,1.948,4065964,0.8670702576637268,0.5828733444213867,0.40867099165916443,0.05187966674566269
sar-pact,g8_alpha1.0_gamma1.0_latentdct8x40,nga,20260922,0.0033,1.1915577218631779,29.377228069618248,0.9743268489837646,26.574368374980697,14.433988571166992,0.9625632762908936,0.5253976583480835,0.002218357054516673,3.137582540512085,4.302971363067627,20.8085,10.1505,10.658,9.655,0.4955,8.71,1.948,4065964,3.590069055557251,2.4524998664855957,1.616652250289917,0.24979612231254578
sar-pact,g8_alpha0.01_gamma1.0_latentdct8x40,nga,20260922,0.25,1.179517555958386,29.572458438991976,0.97503662109375,26.93327656834167,14.706113815307617,0.9651705622673035,0.5103545188903809,0.001936678891070187,3.143969774246216,4.322725772857666,20.8085,10.1505,10.658,9.655,0.4955,8.71,1.948,4065964,3.6240947246551514,2.2608251571655273,1.5052390098571777,0.2486974596977234
sar-pact,g8_alpha1.0_gamma1.0_latentdct8x40,nga,20260922,0.005,1.4327286363098992,30.842418980231095,0.9849520921707153,27.985945447716315,16.52276039123535,0.9761667847633362,0.41260072588920593,0.001874495530501008,3.2064695358276367,4.330174684524536,20.8085,10.1505,10.658,9.655,0.4955,8.71,1.948,4065964,7.209510803222656,4.714061737060547,2.9343273639678955,0.4389873445034027
sar-pact,g8_alpha0.01_gamma1.0_latentdct8x40,nga,20260922,0.375,1.4689359532629256,31.323178659730807,0.9868887662887573,28.616532193845295,17.190845489501953,0.9797458648681641,0.38364648818969727,0.0015918216668069363,3.1810038089752197,4.459954738616943,20.8085,10.1505,10.658,9.655,0.4955,8.71,1.948,4065964,7.845887660980225,4.787528991699219,2.9868509769439697,0.596591055393219
sar-pact,g8_alpha1.0_gamma1.0_latentdct8x40,nga,20260922,0.01,1.808915781644073,32.759074517531474,0.9926443099975586,29.89573123565308,19.4934024810791,0.9867010116577148,0.29812464118003845,0.0014353303704410791,3.1603963375091553,4.485016345977783,20.8085,10.1505,10.658,9.655,0.4955,8.71,1.948,4065964,25.69099235534668,15.502406120300293,9.192171096801758,1.3939675092697144
sar-pact,g8_alpha0.01_gamma1.0_latentdct8x40,nga,20260922,0.75,1.9335414121610972,34.46758231303665,0.9947241544723511,31.906482374576512,21.101102828979492,0.9912595152854919,0.25138628482818604,0.0008367946720682085,3.192634344100952,4.710009336471558,20.8085,10.1505,10.658,9.655,0.4955,8.71,1.948,4065964,37.60349655151367,20.29278564453125,10.997038841247559,1.5108671188354492
sar-pact,g8_alpha1.0_gamma0.5_latentdct8x40,nga,20260922,0.0017,0.8466636782786885,26.772116121071644,0.942686915397644,24.004010082961166,11.221977233886719,0.9215285778045654,0.7603464126586914,0.003177682403475046,3.07676362991333,4.010172367095947,20.8085,10.1505,10.658,9.655,0.4955,8.71,1.948,4065964,1.2324551343917847,0.975866973400116,0.7478261590003967,0.12336059659719467
sar-pact,g8_alpha0.01_gamma0.5_latentdct8x40,nga,20260922,0.125,0.7532166220050441,26.085858601705276,0.93125319480896,23.44860942780427,10.625431060791016,0.9095703959465027,0.8140013813972473,0.0033705129753798246,3.2344470024108887,4.087226152420044,20.8085,10.1505,10.658,9.655,0.4955,8.71,1.948,4065964,0.9438084959983826,0.717632532119751,0.5599489808082581,0.08669854700565338
sar-pact,g8_alpha1.0_gamma0.5_latentdct8x40,nga,20260922,0.0033,1.262235970996217,30.073319409980396,0.9786844253540039,27.288543248872177,15.13817310333252,0.9676625728607178,0.49228036403656006,0.0019109270069748163,3.1282811164855957,4.300588130950928,20.8085,10.1505,10.658,9.655,0.4955,8.71,1.948,4065964,4.021523475646973,3.1613640785217285,2.302539587020874,0.3200794458389282
sar-pact,g8_alpha0.01_gamma0.5_latentdct8x40,nga,20260922,0.25,1.2597225232503153,30.432907718730505,0.9798755645751953,27.819479375017153,15.499263763427734,0.9707605242729187,0.47399410605430603,0.0015748485457152128,3.1295108795166016,4.285043954849243,20.8085,10.1505,10.658,9.655,0.4955,8.71,1.948,4065964,4.197319030761719,3.026726484298706,2.208698272705078,0.2814081013202667
sar-pact,g8_alpha1.0_gamma0.5_latentdct8x40,nga,20260922,0.005,1.522606867709647,31.429353993726394,0.987684965133667,28.556959842306092,17.26068687438965,0.9793236255645752,0.387020468711853,0.00171797932125628,3.111150026321411,4.30745530128479,20.8085,10.1505,10.658,9.655,0.4955,8.71,1.948,4065964,8.313416481018066,6.486091136932373,4.5205912590026855,0.7113248109817505
sar-pact,g8_alpha0.01_gamma0.5_latentdct8x40,nga,20260922,0.375,1.5753978907235182,32.307002417738964,0.9898607730865479,29.608159428183075,18.157108306884766,0.9835863709449768,0.35077032446861267,0.0012847319012507796,3.208322286605835,4.396716594696045,20.8085,10.1505,10.658,9.655,0.4955,8.71,1.948,4065964,9.471417427062988,6.9101691246032715,4.8123626708984375,0.6887073516845703
sar-pact,g8_alpha1.0_gamma0.5_latentdct8x40,nga,20260922,0.01,1.9341312903924968,32.79758429842125,0.9943529367446899,29.867633321262264,20.365833282470703,0.9883960485458374,0.2697470784187317,0.001552124973386526,3.3403236865997314,4.603085041046143,20.8085,10.1505,10.658,9.655,0.4955,8.71,1.948,4065964,28.788837432861328,21.0726375579834,14.06500244140625,2.334749698638916
sar-pact,g8_alpha0.01_gamma0.5_latentdct8x40,nga,20260922,0.75,2.0978126477774275,35.803507958355524,0.9964778423309326,33.1212314924603,22.534496307373047,0.9935159087181091,0.2211662232875824,0.0006671271985396743,3.2384586334228516,4.595249652862549,20.8085,10.1505,10.658,9.655,0.4955,8.71,1.948,4065964,48.063480377197266,33.01723861694336,21.254844665527344,3.0953757762908936
sar-pact,g8_alpha1.0_gamma0.1_latentdct8x40,nga,20260922,0.0017,0.901858547446406,27.33035228144596,0.9499287605285645,24.57061037274719,11.734827995300293,0.9293926954269409,0.7234533429145813,0.0027802507393062115,3.0893914699554443,4.303993463516235,20.8085,10.1505,10.658,9.655,0.4955,8.71,1.948,4065964,1.2131558656692505,1.123012661933899,0.9106607437133789,0.44306132197380066
sar-pact,g8_alpha0.01_gamma0.1_latentdct8x40,nga,20260922,0.125,0.8072378921027743,26.626643222171673,0.9396151304244995,23.990470623668298,11.069487571716309,0.9175153970718384,0.7811822891235352,0.0029167686589062214,3.0301754474639893,4.037586450576782,20.8085,10.1505,10.658,9.655,0.4955,8.71,1.948,4065964,0.926673948764801,0.8395550847053528,0.6727479696273804,0.32457438111305237
sar-pact,g8_alpha1.0_gamma0.1_latentdct8x40,nga,20260922,0.0033,1.3544583218395334,30.96967790945107,0.9826741814613342,28.298363107654527,15.974775314331055,0.9728643298149109,0.45887476205825806,0.0014643657486885786,3.1346287727355957,4.353642463684082,20.8085,10.1505,10.658,9.655,0.4955,8.71,1.948,4065964,4.653929710388184,4.2971696853637695,3.2436041831970215,1.260852575302124
sar-pact,g8_alpha0.01_gamma0.1_latentdct8x40,nga,20260922,0.25,1.3723301544766708,31.597892019236426,0.9846917986869812,29.00556410331618,16.519712448120117,0.9763723015785217,0.4320008456707001,0.0011719494359567761,3.256016731262207,4.127727270126343,20.8085,10.1505,10.658,9.655,0.4955,8.71,1.948,4065964,4.826032638549805,4.341071128845215,3.2458603382110596,1.2098944187164307
sar-pact,g8_alpha1.0_gamma0.1_latentdct8x40,nga,20260922,0.005,1.6541441716582597,32.16570393750493,0.9901653528213501,29.299175213549535,18.21831512451172,0.9825700521469116,0.3528660237789154,0.0015168908284977078,3.1170718669891357,4.214762449264526,20.8085,10.1505,10.658,9.655,0.4955,8.71,1.948,4065964,10.446928977966309,9.719439506530762,7.276164531707764,3.0600507259368896
sar-pact,g8_alpha0.01_gamma0.1_latentdct8x40,nga,20260922,0.375,1.7358829454996847,34.17211689719266,0.9926164150238037,31.566078438436264,19.57224464416504,0.9877698421478271,0.3123838007450104,0.0007476217579096556,3.1198928356170654,4.385012149810791,20.8085,10.1505,10.658,9.655,0.4955,8.71,1.948,4065964,13.911713600158691,12.75396728515625,9.291643142700195,3.5220320224761963
sar-pact,g8_alpha1.0_gamma0.1_latentdct8x40,nga,20260922,0.01,2.1184202100409837,33.49758282891821,0.9956652522087097,30.639618492250648,21.522573471069336,0.990829586982727,0.23853859305381775,0.001340146060101688,3.1220450401306152,4.381706714630127,20.8085,10.1505,10.658,9.655,0.4955,8.71,1.948,4065964,29.576034545898438,26.625473022460938,20.71873664855957,9.308597564697266
sar-pact,g8_alpha0.01_gamma0.1_latentdct8x40,nga,20260922,0.75,2.4471554076686632,37.48740588366893,0.998324990272522,34.94865160975877,25.60420799255371,0.9965382814407349,0.1566615253686905,0.00048392429016530514,3.349820852279663,4.650967121124268,20.8085,10.1505,10.658,9.655,0.4955,8.71,1.948,4065964,80.21611022949219,71.44513702392578,52.089988708496094,17.148502349853516
sar-pact,g8_alpha1.0_gamma0.0_latentdct8x40,nga,20260923,0.0017,0.9220289348203027,27.521790137191886,0.9520184993743896,24.758184866641187,11.894543647766113,0.9316146373748779,0.7129533290863037,0.00265484768897295,3.1052472591400146,4.217143297195435,20.8085,10.1505,10.658,9.655,0.4955,8.71,1.948,4065964,0.9817765951156616,1.0303230285644531,0.9815999865531921,0.9360060095787048
sar-pact,g8_alpha0.01_gamma0.0_latentdct8x40,nga,20260923,0.125,0.8285837257645019,26.903407516774962,0.9424357414245605,24.283331084258318,11.288824081420898,0.9212419986724854,0.7675601840019226,0.002671467838808894,3.126765727996826,4.1328535079956055,20.8085,10.1505,10.658,9.655,0.4955,8.71,1.948,4065964,0.7530269622802734,0.7819303870201111,0.7468658685684204,0.7134078741073608
sar-pact,g8_alpha1.0_gamma0.0_latentdct8x40,nga,20260923,0.0033,1.3931027348675915,31.164553253377253,0.98358154296875,28.416349382918224,16.18947982788086,0.9738438129425049,0.44812658429145813,0.0014812989393249154,3.0778512954711914,4.366698265075684,20.8085,10.1505,10.658,9.655,0.4955,8.71,1.948,4065964,3.589397430419922,3.943082094192505,4.087549209594727,3.793850898742676
sar-pact,g8_alpha0.01_gamma0.0_latentdct8x40,nga,20260923,0.25,1.4235196396201135,32.186951163301025,0.9858704805374146,29.5724579808076,16.917510986328125,0.9780624508857727,0.4194619059562683,0.0009824309963732958,3.1677956581115723,4.364200115203857,20.8085,10.1505,10.658,9.655,0.4955,8.71,1.948,4065964,3.912534713745117,4.301994323730469,4.4876251220703125,4.070438385009766
sar-pact,g8_alpha1.0_gamma0.0_latentdct8x40,nga,20260923,0.005,1.7176878497399117,32.894459071872646,0.9911782741546631,30.076708751712445,18.800159454345703,0.9848031401634216,0.3339084982872009,0.0012379222316667438,3.129261016845703,4.5243096351623535,20.8085,10.1505,10.658,9.655,0.4955,8.71,1.948,4065964,8.686315536499023,9.073593139648438,8.799333572387695,8.54813003540039
sar-pact,g8_alpha0.01_gamma0.0_latentdct8x40,nga,20260923,0.375,1.8503464149196092,35.446488491449145,0.9943897724151611,32.89211252475,20.82076644897461,0.9907381534576416,0.27546972036361694,0.0005402368260547519,3.1045026779174805,4.487724542617798,20.8085,10.1505,10.658,9.655,0.4955,8.71,1.948,4065964,13.160490989685059,13.61824893951416,13.403105735778809,12.756366729736328
sar-pact,g8_alpha1.0_gamma0.0_latentdct8x40,nga,20260923,0.01,2.223840316637768,33.504232507239855,0.9965033531188965,30.587531739813517,22.486711502075195,0.9919009804725647,0.21243558824062347,0.0014298224123194814,3.2311952114105225,4.689863920211792,20.8085,10.1505,10.658,9.655,0.4955,8.71,1.948,4065964,27.27141761779785,27.724218368530273,29.016176223754883,27.169002532958984
sar-pact,g8_alpha0.01_gamma0.0_latentdct8x40,nga,20260923,0.75,2.5921693972651325,37.38133912770395,0.9987009763717651,34.765128977394085,26.608816146850586,0.9969598054885864,0.13894586265087128,0.0005451908800750971,3.263669967651367,4.742193937301636,20.8085,10.1505,10.658,9.655,0.4955,8.71,1.948,4065964,72.01973724365234,72.86642456054688,76.80937194824219,71.93852233886719
sar-pact,g8_alpha1.0_gamma0.0_latentdct8x40_2phase1250,nga,20260923,0.0017,0.9205425401954602,27.516766848721485,0.9519940614700317,24.759605369290863,11.885046005249023,0.9314761161804199,0.7139190435409546,0.0026408601552248,3.0255486965179443,4.304481744766235,20.8085,10.1505,10.658,9.655,0.4955,8.71,1.948,4065964,0.9147254228591919,1.0514506101608276,0.9503982067108154,1.0020933151245117
sar-pact,g8_alpha0.01_gamma0.0_latentdct8x40_2phase1250,nga,20260923,0.125,0.8268892112626104,26.891512137780936,0.9423136711120605,24.273596683195336,11.274541854858398,0.9208373427391052,0.7684794664382935,0.0026710666716098785,3.032707929611206,4.417051553726196,20.8085,10.1505,10.658,9.655,0.4955,8.71,1.948,4065964,0.6974195241928101,0.7950714826583862,0.7219676375389099,0.7677738070487976
sar-pact,g8_alpha1.0_gamma0.0_latentdct8x40_2phase1250,nga,20260923,0.0033,1.3939586124684742,31.056654761135142,0.9833290576934814,28.32095271587142,16.146854400634766,0.9734190106391907,0.4498995244503021,0.0015374438371509314,3.2282538414001465,4.440118312835693,20.8085,10.1505,10.658,9.655,0.4955,8.71,1.948,4065964,3.5459837913513184,3.760937452316284,4.174203872680664,3.9127447605133057
sar-pact,g8_alpha0.01_gamma0.0_latentdct8x40_2phase1250,nga,20260923,0.25,1.4202131196800125,31.94667877462422,0.9856504201889038,29.339748740102074,16.82697105407715,0.9775875806808472,0.4214875400066376,0.0010861401678994298,3.1675949096679688,4.554899454116821,20.8085,10.1505,10.658,9.655,0.4955,8.71,1.948,4065964,3.7929182052612305,4.058426380157471,4.49113655090332,4.293982982635498
sar-pact,g8_alpha1.0_gamma0.0_latentdct8x40_2phase1250,nga,20260923,0.005,1.7192056470680959,33.11058441612898,0.9910837411880493,30.311986315450557,18.800533294677734,0.9849950075149536,0.33468180894851685,0.00112772302236408,3.290539503097534,4.496635437011719,20.8085,10.1505,10.658,9.655,0.4955,8.71,1.948,4065964,8.23812198638916,8.737464904785156,9.414289474487305,8.50515365600586
sar-pact,g8_alpha0.01_gamma0.0_latentdct8x40_2phase1250,nga,20260923,0.375,1.8647276215715636,35.67098534575046,0.9947400689125061,33.142853164882126,21.08071517944336,0.9913054704666138,0.26742127537727356,0.0005117928376421332,3.2604610919952393,4.54667067527771,20.8085,10.1505,10.658,9.655,0.4955,8.71,1.948,4065964,12.633746147155762,13.919707298278809,15.129426956176758,13.559520721435547
sar-pact,g8_alpha1.0_gamma0.0_latentdct8x40_2phase1250,nga,20260923,0.01,2.2183516166850565,33.477801643904364,0.9964890480041504,30.549220037917458,22.42059898376465,0.9917870759963989,0.21324078738689423,0.0014391813892871141,3.2493815422058105,4.478741645812988,20.8085,10.1505,10.658,9.655,0.4955,8.71,1.948,4065964,27.069555282592773,26.689741134643555,28.620054244995117,26.332042694091797
sar-pact,g8_alpha0.01_gamma0.0_latentdct8x40_2phase1250,nga,20260923,0.75,2.772784816361917,38.271757675934396,0.9991785883903503,35.82581748579031,28.54947280883789,0.9978638291358948,0.11199323832988739,0.00043753726640716195,3.315659523010254,5.416573762893677,20.8085,10.1505,10.658,9.655,0.4955,8.71,1.948,4065964,118.43342590332031,117.55565643310547,126.222412109375,116.85086822509766
sar-pact,g8_alpha0.01_gamma0.0_latentdct8x40_1250,nga,20260923,0.125,0.8320417175677806,26.673127545681638,0.9419211149215698,24.00646764931283,11.169297218322754,0.9184932112693787,0.7763383984565735,0.0030577639117836952,3.0010013580322266,4.149338006973267,20.8085,10.1505,10.658,9.655,0.4955,8.71,1.948,4065964,0.6721976399421692,0.7862849831581116,0.7067804932594299,0.6959084272384644
sar-pact,g8_alpha0.01_gamma0.0_latentdct8x40_1250,nga,20260923,0.25,1.4070874054224465,30.984195414077035,0.9848703145980835,28.20895812306481,16.421083450317383,0.9751318097114563,0.43282631039619446,0.001693887752480805,3.1908071041107178,4.501802444458008,20.8085,10.1505,10.658,9.655,0.4955,8.71,1.948,4065964,3.326127529144287,3.5866153240203857,3.6787474155426025,3.4406352043151855
sar-pact,g8_alpha0.01_gamma0.0_latentdct8x40_1250,nga,20260924,0.375,1.8608927973281841,35.201931184911615,0.9943325519561768,32.54403172018535,20.742450714111328,0.9904927611351013,0.2763415575027466,0.0006321160471998155,3.2458951473236084,4.583747386932373,20.8085,10.1505,10.658,9.655,0.4955,8.71,1.948,4065964,12.284656524658203,13.917186737060547,13.694160461425781,13.428548812866211
sar-pact,g8_alpha0.01_gamma0.0_latentdct8x40_1250,nga,20260924,0.75,2.725774969459332,37.22840604021367,0.9990293979644775,34.595579565010524,27.778488159179688,0.9972920417785645,0.12104804813861847,0.0005982394213788211,3.2644753456115723,4.903252363204956,20.8085,10.1505,10.658,9.655,0.4955,8.71,1.948,4065964,101.7149887084961,104.57041931152344,108.28461456298828,100.3598403930664
sar-pact,g8_alpha1.0_gamma0.0_latentdct8x40_1250,nga,20260924,0.0017,0.9206287436948297,27.515356004521145,0.9520488977432251,24.766083073645994,11.890499114990234,0.9316011071205139,0.7139569520950317,0.0026351897977292538,3.2759456634521484,4.52328634262085,20.8085,10.1505,10.658,9.655,0.4955,8.71,1.948,4065964,0.9604174494743347,1.0593198537826538,0.9820768237113953,0.8880627751350403
sar-pact,g8_alpha1.0_gamma0.0_latentdct8x40_1250,nga,20260924,0.0033,1.3967571475015763,31.180437785729058,0.9837790727615356,28.449513030955565,16.256080627441406,0.9740651845932007,0.44354918599128723,0.0014821643708273768,3.1302130222320557,4.342619180679321,20.8085,10.1505,10.658,9.655,0.4955,8.71,1.948,4065964,3.5996062755584717,4.224442481994629,4.072262287139893,3.739570379257202
sar-pact,g8_alpha1.0_gamma0.0_latentdct8x40_1250,nga,20260924,0.005,1.737295451410782,34.26193805982096,0.9920991659164429,31.587097147791074,19.44548225402832,0.9872548580169678,0.31895390152931213,0.0007306447369046509,3.2782976627349854,4.461483716964722,20.8085,10.1505,10.658,9.655,0.4955,8.71,1.948,4065964,9.104595184326172,9.567944526672363,10.132452011108398,9.519416809082031
sar-pact,g8_alpha1.0_gamma0.0_latentdct8x40_1250,nga,20260924,0.01,2.276308692268285,36.9423126339303,0.9975404739379883,34.35777375130803,24.146682739257812,0.9954003095626831,0.18611548840999603,0.0005196910933591425,3.3654696941375732,4.611929178237915,20.8085,10.1505,10.658,9.655,0.4955,8.71,1.948,4065964,32.3980712890625,34.78774642944336,37.38515090942383,33.41600036621094
sar-pact,g8_alpha1.0_gamma1.0_latentdct8x40_2phase1250,nga,20260924,0.0033,1.1899986700031526,29.409219408151756,0.9741914868354797,26.616388686451067,14.471467971801758,0.9628725647926331,0.523038387298584,0.002195156179368496,3.066401243209839,4.347511529922485,20.8085,10.1505,10.658,9.655,0.4955,8.71,1.948,4065964,3.6800572872161865,2.4456582069396973,1.6066560745239258,0.24362842738628387
sar-pact,g8_alpha0.01_gamma1.0_latentdct8x40_2phase1250,nga,20260924,0.25,1.1822674475882724,29.671408239163497,0.9754078984260559,27.061833371424243,14.817917823791504,0.9660950899124146,0.503826916217804,0.0018656713655218482,3.1109743118286133,4.254754066467285,20.8085,10.1505,10.658,9.655,0.4955,8.71,1.948,4065964,3.746407985687256,2.2834582328796387,1.5042996406555176,0.2530056834220886
sar-pact,g8_alpha1.0_gamma1.0_latentdct8x40_1250,nga,20260925,0.0033,1.1982341828893444,29.69164503561517,0.9750482439994812,27.0045322131641,14.723078727722168,0.9651147723197937,0.5091764330863953,0.001919749891385436,3.0572848320007324,4.305911064147949,20.8085,10.1505,10.658,9.655,0.4955,8.71,1.948,4065964,3.9859695434570312,2.493668794631958,1.630261778831482,0.2519087493419647
sar-pact,g8_alpha0.01_gamma1.0_latentdct8x40_1250,nga,20260925,0.25,1.1771352606793821,29.41209398887032,0.9748508930206299,26.755431405492654,14.576624870300293,0.9642115831375122,0.517962634563446,0.00203726370818913,3.1812424659729004,4.0625245571136475,20.8085,10.1505,10.658,9.655,0.4955,8.71,1.948,4065964,3.448320150375366,2.2126410007476807,1.478086233139038,0.27259522676467896
